{
    "name": "root",
    "gauges": {
        "MoveTOGoal.Policy.Entropy.mean": {
            "value": 1.4508564472198486,
            "min": 1.425732135772705,
            "max": 1.4508564472198486,
            "count": 5
        },
        "MoveTOGoal.Policy.Entropy.sum": {
            "value": 72542.8203125,
            "min": 71931.09375,
            "max": 72542.8203125,
            "count": 5
        },
        "MoveTOGoal.Environment.EpisodeLength.mean": {
            "value": 150.1580547112462,
            "min": 119.43230403800474,
            "max": 150.1580547112462,
            "count": 5
        },
        "MoveTOGoal.Environment.EpisodeLength.sum": {
            "value": 49402.0,
            "min": 48578.0,
            "max": 50281.0,
            "count": 5
        },
        "MoveTOGoal.Step.mean": {
            "value": 249955.0,
            "min": 49938.0,
            "max": 249955.0,
            "count": 5
        },
        "MoveTOGoal.Step.sum": {
            "value": 249955.0,
            "min": 49938.0,
            "max": 249955.0,
            "count": 5
        },
        "MoveTOGoal.Policy.ExtrinsicValueEstimate.mean": {
            "value": 0.06800619512796402,
            "min": 0.06800619512796402,
            "max": 16.94777488708496,
            "count": 5
        },
        "MoveTOGoal.Policy.ExtrinsicValueEstimate.sum": {
            "value": 67.32613372802734,
            "min": 67.32613372802734,
            "max": 17659.58203125,
            "count": 5
        },
        "MoveTOGoal.Environment.CumulativeReward.mean": {
            "value": -0.6048632218844985,
            "min": -0.7525,
            "max": -0.6048632218844985,
            "count": 5
        },
        "MoveTOGoal.Environment.CumulativeReward.sum": {
            "value": -199.0,
            "min": -315.0,
            "max": -199.0,
            "count": 5
        },
        "MoveTOGoal.Policy.ExtrinsicReward.mean": {
            "value": -0.6048632218844985,
            "min": -0.7525,
            "max": -0.6048632218844985,
            "count": 5
        },
        "MoveTOGoal.Policy.ExtrinsicReward.sum": {
            "value": -199.0,
            "min": -315.0,
            "max": -199.0,
            "count": 5
        },
        "MoveTOGoal.Losses.PolicyLoss.mean": {
            "value": 0.022918479156214745,
            "min": 0.022732899608090523,
            "max": 0.026124975145018353,
            "count": 5
        },
        "MoveTOGoal.Losses.PolicyLoss.sum": {
            "value": 0.11459239578107372,
            "min": 0.10273687752196566,
            "max": 0.13062487572509177,
            "count": 5
        },
        "MoveTOGoal.Losses.ValueLoss.mean": {
            "value": 0.011845324067398907,
            "min": 0.011845324067398907,
            "max": 27.699217967192332,
            "count": 5
        },
        "MoveTOGoal.Losses.ValueLoss.sum": {
            "value": 0.05922662033699454,
            "min": 0.05922662033699454,
            "max": 110.79687186876933,
            "count": 5
        },
        "MoveTOGoal.Policy.LearningRate.mean": {
            "value": 0.00016237408587532003,
            "min": 0.00016237408587532003,
            "max": 0.0002842561552479499,
            "count": 5
        },
        "MoveTOGoal.Policy.LearningRate.sum": {
            "value": 0.0008118704293766002,
            "min": 0.0008118704293766002,
            "max": 0.0012784794738402,
            "count": 5
        },
        "MoveTOGoal.Policy.Epsilon.mean": {
            "value": 0.15412468000000001,
            "min": 0.15412468000000001,
            "max": 0.19475204999999998,
            "count": 5
        },
        "MoveTOGoal.Policy.Epsilon.sum": {
            "value": 0.7706234000000001,
            "min": 0.7706234000000001,
            "max": 0.9261598000000001,
            "count": 5
        },
        "MoveTOGoal.Policy.Beta.mean": {
            "value": 0.0027108215320000005,
            "min": 0.0027108215320000005,
            "max": 0.004738127295,
            "count": 5
        },
        "MoveTOGoal.Policy.Beta.sum": {
            "value": 0.013554107660000002,
            "min": 0.013554107660000002,
            "max": 0.02131537402,
            "count": 5
        },
        "MoveTOGoal.IsTraining.mean": {
            "value": 1.0,
            "min": 1.0,
            "max": 1.0,
            "count": 5
        },
        "MoveTOGoal.IsTraining.sum": {
            "value": 1.0,
            "min": 1.0,
            "max": 1.0,
            "count": 5
        }
    },
    "metadata": {
        "timer_format_version": "0.1.0",
        "start_time_seconds": "1713048455",
        "python_version": "3.9.13 (tags/v3.9.13:6de2ca5, May 17 2022, 16:36:42) [MSC v.1929 64 bit (AMD64)]",
        "command_line_arguments": "D:\\Homework\\Ai\\Machine Learning\\Machine-Learning\\MachineLearning\\venv\\Scripts\\mlagents-learn --run-id=Test6",
        "mlagents_version": "0.30.0",
        "mlagents_envs_version": "0.30.0",
        "communication_protocol_version": "1.5.0",
        "pytorch_version": "2.2.2+cpu",
        "numpy_version": "1.21.2",
        "end_time_seconds": "1713048660"
    },
    "total": 204.9505475,
    "count": 1,
    "self": 10.00519829999999,
    "children": {
        "run_training.setup": {
            "total": 0.08606010000000008,
            "count": 1,
            "self": 0.08606010000000008
        },
        "TrainerController.start_learning": {
            "total": 194.8592891,
            "count": 1,
            "self": 0.27070999999978085,
            "children": {
                "TrainerController._reset_env": {
                    "total": 7.210795300000001,
                    "count": 1,
                    "self": 7.210795300000001
                },
                "TrainerController.advance": {
                    "total": 187.29496450000025,
                    "count": 15330,
                    "self": 0.27458640000017454,
                    "children": {
                        "env_step": {
                            "total": 134.78365300000053,
                            "count": 15330,
                            "self": 124.84103290000206,
                            "children": {
                                "SubprocessEnvManager._take_step": {
                                    "total": 9.773698699998732,
                                    "count": 15331,
                                    "self": 0.7660303999986073,
                                    "children": {
                                        "TorchPolicy.evaluate": {
                                            "total": 9.007668300000125,
                                            "count": 13995,
                                            "self": 9.007668300000125
                                        }
                                    }
                                },
                                "workers": {
                                    "total": 0.16892139999973566,
                                    "count": 15329,
                                    "self": 0.0,
                                    "children": {
                                        "worker_root": {
                                            "total": 147.28034409999933,
                                            "count": 15329,
                                            "is_parallel": true,
                                            "self": 80.38991379999966,
                                            "children": {
                                                "steps_from_proto": {
                                                    "total": 0.0006744000000020733,
                                                    "count": 2,
                                                    "is_parallel": true,
                                                    "self": 0.0002149999999998542,